city,hotelName,source,username,userRating,timeCmt,userCmt
Phan Rang,Anh Khoa Mini Hotel,Traveloka,THI THUY LA,"6,0",07/12/2018,Nhân viên không nhiệt tình hình ảnh phòng treo đầu dê bán thịt chó
Phan Rang,Anh Khoa Mini Hotel,Traveloka,Nguyen M. T.,"8,2",24/06/2024,"Điểm mạnh cơ bản là phòng cho 3 người là đúng như trên app, 1 giường lơn 1 nhỏ. Có chỗ đậu xe tại sảnh máy lạnh ok, sạch sẽ, rộng rãi, có tủ lạnh, tv, nồi đun không gian khá yên tĩnh do vị trí không phải mặt tiền lớn, view trước phòng có cửa sổ nhìn ra là trường học cây xanh to rất mát mẻ khi đi bộ gần chợ phan rang, cách biển 3-4km không quá xa , đi vi vu. Giá cả hợp lý , bình dân đúng nghĩa. Nhân viên vui vẻ , nhiệt tình , có tâm tiện ích ok điểm trừ vòi nước bị rò rỉ khi vặn , nước nóng lúc co lúc ko. Phòng co vẻ không có cách âm tốt nên nghe được bên trong và ngoài nếu đủ lớn. Đèn hành lang phản ảnh sáng vào phòng do phòng có cửa đục. Chung quy 7/10"
Phan Rang,Anh Khoa Mini Hotel,Traveloka,Be Manh H.,"8,5",05/06/2023,"Tuyệt vời lắm bạn à, chất lượng không chê được"
Phan Rang,Anh Khoa Mini Hotel,Traveloka,HA QUANG A.,"6,0",24/12/2022,"Phòng ốc sạch sẽ, nhân viên thì hòa đồng vui vẽ! buôn cái đêm khuya lạnh lẽo, đi đường xa mệt mỏi mà phải tắm nước lạnh, điều hòa thì chạy như máy cày ngủ không được."
Phan Rang,Anh Khoa Mini Hotel,GoogleMap,Nguyen N.,"9,4",08/02/2022,"Sạch sẽ, tiện nghi. Dù có trục trặc nhỏ lúc ban đầu. Nhưng tổng thể thì hài lòng. )))"
Phan Rang,Anh Khoa Mini Hotel,Traveloka,LE MINH T.,"9,7",01/02/2019,"Phòng rộng rãi, thoáng. Có cửa sổ có cả ban công. Kháchsạn nằm ở khu vực trung tâm tiện đi lại và ăn uống. Ngay cạnh khách sạn có 1 salon tóc, 1 spa làm đẹp. Đi chơi mệt về vào gội đầu hoặc mát xa là max của đã. A chị chủ nhà thân thiện, nhiệt tình. Khách sạn còn có sảnh để xe máy nên quá tiện luôn."
Phan Rang,Anh Khoa Mini Hotel,Traveloka,nguyen t. n. m.,"8,5",30/11/2018,Khách sạn khá ổn. Giá cả ok. ....
Phan Rang,Anh Khoa Mini Hotel,Traveloka,LANGCE V.,"8,5",14/11/2018,"Nhân viên nhiệt tình, vui vẻ, phòng sạch sẻ, tiện tích chung quanh rất nhiều"
Phan Rang,Anh Khoa Mini Hotel,Traveloka,Trn i. V.,"9,4",08/11/2018,"Khách sạn rất sạch sẽ, nội thất đầy đủ. Thuận tiện đi lại. Lễ tân rất nhiệt tình. Nói chung là tuyệt vời. Lần sau có dịp sẽ tiếp tục ủng hộ d"
Phan Rang,Anh Khoa Mini Hotel,Traveloka,Nguyen Ngoc Hoang,"9,0",28/10/2018,"Oke, khach san nam gan trung tam, nhan vien vui ve, phong rat sach se, gan cafe du am dep ghe. Tot lan sau co dip se tro lai"
Phan Rang,Anh Khoa Mini Hotel,Traveloka,Huynh Ngoc Thuan,"8,5",26/10/2018,"Được phòng rat sạch sẽ, cô chủ rat vui tinh, oke"
Phan Rang,Anh Khoa Mini Hotel,Traveloka,Dinh V. H.,"9,0",28/10/2018,"Phòng rất sạch sẽ , gần các quan ăn ngon , oke , lan sau có dịp sẽ ghé lại"
Phan Rang,Anh Khoa Mini Hotel,GoogleMap,Huynh Ngoc Thuan,"8,5",24/10/2018,"Khách sạn ngay trung tâm, gần các quán ăn ngon. Kháchsạn mới xây sạch đẹp, nhân viên vui vẽ. Nói chug là ok.."
Phan Rang,Devesun Hotel,GoogleMap,Kim H.,"9,7",01/08/2025,"Khách sạn sạch sẽ, nhân viên thân thiện, vị trí thuận tiện gần trung tâm. Phòng đầy đủ tiện nghi, yên tĩnh và thoải mái. Rất hài lòng, sẽ quay lại!"
Phan Rang,Devesun Hotel,Traveloka,T***g,"9,4",25/07/2025,Khách sạn mới gần trung tâm sạch sẽ
Phan Rang,Khu nghỉ dưỡng Gold Rooster,Traveloka,Tran V. T.,"8,4",30/07/2017,"Phòng vệ sinh không sạch lắm, phòng hơi nhiều muỗi, nhưng bù lại resort đẹp, ngay biển và dễ nhân viên ổn"
Phan Rang,Khu nghỉ dưỡng Gold Rooster,GoogleMap,Vu AnhTuan,"5,4",17/04/2017,"Phòng và thiết bị cũ, máy lạnh không ai vệ sinh nên dơ, có mùi, máy nước nóng hỏng, điện thoại bàn hỏng, khăn tắm và trải giường vàng ố, nhân viên tiếp tân lề mề không trách nhiệm. Chỉ được mỗi cái sân vườn nhìn đẹp nhiều cây xanh."
Phan Rang,Khu nghỉ dưỡng Gold Rooster,Traveloka,Ta Hai D.,"5,6",08/09/2017,"Khi đặt phòng không có hỗ trợ nhiệt tình, hứa nhưng không gọi lại cho khách. Khi khách chủ động gọi lại thì nói không được. Khâu đặt phòng hơi tệ, hỗ trợ khách cũng không tốt ở khâu nhờ mướn xe máy, dù đã nói trước nhưng khi hỏi tới vẫn phải chờ. Phòng ngày check out còn nhiều mà nói với khách trước đó không có. Ở thì được mà dịch vụ ban đầu hơi tệ! nói chung không hài lòng. Đặc biệt ăn sáng quá sơ sài chỉ lỡ ăn ngày đầu ngày sau đi ra ngoài ăn. Nên cải thiện bữa ăn sáng!"
Phan Rang,Khu nghỉ dưỡng Gold Rooster,Traveloka,Ho Thi H. H.,"4,5",13/10/2018,"Kháchsạn cũ , có mùi ẩm , nói chung là không cái giá so với dịch vụ khác hsạn chênh lệch qua mức , không bao gio den lan thu 2"
Phan Rang,Khu nghỉ dưỡng Gold Rooster,Traveloka,Tang N. T. P.,"5,7",25/02/2019,"Mình ở phòng gia đình 2 phòng ngủ nhưng chỉ có 1 toilet nên hơi bất tiện, phòng thiết kế kiểu cũ nhìn không bắt mắt. Cảnh quan cũng bình thường, được cái rộng, nhưng không có điểm nhấn để chụp hình như resort kế bên. Đồ ăn sáng không đa dạng, 8h đã gần hết các món. Nhìn chung không hài lòng so với 3 sao."
Phan Rang,Khu nghỉ dưỡng Gold Rooster,Traveloka,Huynh T.,"6,0",12/08/2019,"Thực đơn sáng không tốt, chất lượng nước hồ bơi không tốt, không có nhà hàng phục vụ món hàng ngày."
Phan Rang,Khu nghỉ dưỡng Gold Rooster,Traveloka,Thi x. h. N.,"5,2",12/08/2019,"Phòng cũ và dơ, khăn tắm khô và xơ không thể dùng được. Ăn sáng quá sức tệ, 8h10 xuống nhà hàng thì không còn gì ngoài mì gói và trứng. Nhân viên nói chuyện với nhau cọc cằn, có cả chửi thề. Giá phòng gần 1,6 triệu với chất lượng như thế này hoàn toàn không thể chấp nhận được."
Phan Rang,Khu nghỉ dưỡng Gold Rooster,Traveloka,Nguyen H. T.,"8,5",18/08/2019,"Gia đình tôi đã trải nghiệm ở resort này, với tiêu chuẩn 3 sao có thể chấp nhận được, tuy nhiên nơi này có những điểm vượt trội, như không gian rộng rãi, thông thoáng, resort này cạnh biển, rất thuận tiện, tiếp tân vui vẻ dễ thương và linh động."
Phan Rang,Khu nghỉ dưỡng Gold Rooster,Traveloka,NGUYEN V. Q.,"6,0",09/05/2021,"Dở, tệ, nhà hàng thì chỉ có món cơm chiên, mì xào,"
Phan Rang,Khu nghỉ dưỡng Gold Rooster,Traveloka,Nguyen T. H.,"6,4",16/08/2022,"Nhân viên thì tuyệt vời nhưng dụng cụ hỗ trợ trong nhà vệ sinh không dùng đc, kem đánh răng không lấy được, bàn chải đánh răng thì mới đưa qua đưa lại đã rụng sợi chải trọng miệng"
Phan Rang,Khách sạn & Cà phê Da Lat Ninh Chu,Traveloka,T***N,"8,5",03/07/2024,"Phòng cũng rộng rãi, nhà tắm rộng, gần biển, đi bộ băng qua đường một chút là đến biển, tuy nhiên giường chỉ có 1,6m thôi dù thông tin phòng là size king. Khách sạn không có thang máy."
Phan Rang,Khách sạn & Cà phê Da Lat Ninh Chu,Traveloka,Tang T. U. V.,"6,8",03/05/2025,"Mình tới ks lúc 5h sáng hơn, dù có sẵn phòng nhưng ks ko cho checkin sớm, xong mình và bạn phải đi lòng vòng, nhưng tới 9h hơn mệt quá nên về, phòng vẫn đó ko có đông đúc nhưng mình có xin cũng ko đc, phụ thu thêm 30 nên mình cũng đồng ý. Phòng đủ tiện nghi cơ bản máy lạnh hơi nóng, và cách âm ko tốt lắm! vị trí ksan ngay trung tâm nên tiện đi chơi thôi. Nói chung khá ổn nhưng mình sẽ ko quay lại"
Phan Rang,Khách sạn & Cà phê Da Lat Ninh Chu,Traveloka,N***n,"7,3",07/04/2025,"Được cái vị trí tốt, còn lại tệ lắm mọi người. Cửa phòng k khoá được mình phải lấy ghế kéo lại. Phòng dơ như mấy cái nhà nghỉ ở quê, vì giá đó k thể đòi gì cao, nhưng phải đảm bảo về vệ sinh. Mình phải lấy áo trùm gối lại để ngủ"
Phan Rang,Khách sạn & Cà phê Da Lat Ninh Chu,Traveloka,T***o,"9,4",18/09/2024,"Phòng sạch sẽ, có đủ tủ đồ, máy sấy tóc,... Gần biển, đi bộ khoảng 3 phút là tới, bên dưới là quán cà phê, buổi tối hoặc sáng sớm uống cà phê, nước ép và nghe nhạc khá chill. Bạn nhân viên nam nhiệt tình, dễ thương. Nếu muốn ăn hải sản thì đi bộ hoặc xe máy khoảng 1km là có quán lộc quý cang ngon, đông khách, lên món cũng rất nhanh."
Phan Rang,Khách sạn & Cà phê Da Lat Ninh Chu,Traveloka,Hoang T. T.,"10,0",05/05/2024,"Anh chị chủ nhiệt tình, phòng sạch sẽ, gần biển. Bạn mình để quên đồ được anh chị support hết mình để gửi đồ về lâm đồng. 10 điểm kkk"
Phan Rang,Khách sạn & Cà phê Da Lat Ninh Chu,GoogleMap,Vu thi t.,"8,5",23/02/2024,Khách sạn có các bạn nhân viên nhiệt tình chu đáo . Nếu có cơ hội đến ninh thuận hãy đến khách sạn
Phan Rang,Khách sạn Biển Xanh (trước đây là Khách sạn Anh Khoa 2),Traveloka,V***o,"10,0",22/03/2024,"Khách sạn mới, sạch sẽ. Vị trí rất gần các quán ăn, cafe hot hot. Giá rẻ, nói chung là ổn lắm ạ."
Phan Rang,Khách sạn Biển Xanh (trước đây là Khách sạn Anh Khoa 2),Traveloka,Dat P.,"9,1",28/05/2023,"Khách sạn mới, sạch sẽ, tiếp tân vui vẻ"
Phan Rang,Khách sạn Biển Xanh (trước đây là Khách sạn Anh Khoa 2),Traveloka,Dang Q. H.,"9,4",19/04/2024,"Khách sạn mới sạch sẽ, vị trí ở khu ăn uống vui chơi trung tâm thành phố, lễ tân bảo vệ nhiệt tình. Chủ khách sạn là chủ hãng xe vip sài gòn phan rang."
Phan Rang,Khách sạn Biển Xanh (trước đây là Khách sạn Anh Khoa 2),GoogleMap,Voquangloi,"9,7",31/07/2024,"Khách sạn mới, sạch sẽ, hợp lý so với giá tiền, có dịp mình sẽ ở lại đây nữa"
Phan Rang,Khách sạn Biển Xanh (trước đây là Khách sạn Anh Khoa 2),GoogleMap,Nguyen V. D.,"9,1",11/06/2024,"Khách sạn còn mới, sạch sẽ, có chỗ đậu ô tô, có hỗ trợ check-in sớm. Nhưng mà tên khách sạn là biển xanh. Làm mình phải đi tìm lòng vòng hơi cực."
Phan Rang,Khách sạn Biển Xanh (trước đây là Khách sạn Anh Khoa 2),Traveloka,NGUYEN P. T.,"9,7",25/07/2024,"Phòng nhỏ gọn , xinh xắn và sạch sẽ."
Phan Rang,Khách sạn Biển Xanh (trước đây là Khách sạn Anh Khoa 2),Traveloka,N***n,"9,1",15/05/2024,"Nhân viên và bảo vệ siêu nhiệt tình thân thiện, tuy nhiên trong phòng vẫn còn côn trùng"
Phan Rang,Khách sạn Biển Xanh (trước đây là Khách sạn Anh Khoa 2),Traveloka,C***g,"9,1",24/10/2024,"Khách sạn ở ngay trung tâm nên cũng tiện di chuyển đến các địa điểm tham quan. Các bạn lễ tân dễ thương, nhiệt tình. Phòng đầy đủ các thiết bị cần thiết, còn mới như hình. Hạn chế là không mở cửa 24/24, nếu tới buổi đêm tầm 2h 3h sáng cần phải nhắn trước giờ nhận phòng để khách sạn sắp xếp."
Phan Rang,Khách sạn Biển Xanh (trước đây là Khách sạn Anh Khoa 2),Traveloka,G***t,"10,0",26/11/2024,"Phòng sạch sẽ, toilet đẹp. Nhân viên cực kì dễ thương. Điểm lưu trú đáng để note lại lần sau ghé tiếp."
Phan Rang,Khách sạn Biển Xanh (trước đây là Khách sạn Anh Khoa 2),Traveloka,Nguyen Q. T.,"10,0",09/08/2025,Khách sạn sạch sẽ nhân viên nhiệt tình giá cả hợp lý
Phan Rang,Khách sạn Biển Xanh (trước đây là Khách sạn Anh Khoa 2),GoogleMap,Liên M.,"10,0",12/01/2025,"Mình đặt phòng 2 đêm, khi đến thì nhân viên rất thân thiện và nhiệt tình, khách sạn mới, đầy đủ tiện nghi, nằm trong khu mới quy hoạch lại, xung quanh nhiều quán cà phê, pub... Các bạn lễ tân hỗ trợ book xe máy và đổi xe siêu mới, còn chỉ quán ăn, món ngon signature tại ninh thuận cho bọn mình, đối diện khách sạn có quán miến lươn cũng rất ngon rất recommend mọi người"
Phan Rang,Khách sạn Biển Xanh (trước đây là Khách sạn Anh Khoa 2),GoogleMap,Nguyen Q. T.,"9,7",29/12/2023,"Khách sạn mới xây rất sạch sẽ, nhân viên phục vụ tốt"
Phan Rang,Khách sạn Biển Xanh (trước đây là Khách sạn Anh Khoa 2),Traveloka,Nhung Đ.,"9,7",21/11/2023,"Khách sạn đẹp và rất sạch sẽ, ở gần trung tâm thành phố phan rang nên cũng vui lắm. Nhân viên dễ gần, phục vụ tốt. Quan trọng là giá còn siêu rẻ. Có dịp sẽ quay lại"
Phan Rang,Khách sạn Biển Xanh (trước đây là Khách sạn Anh Khoa 2),GoogleMap,Ly Lien,"9,7",22/11/2023,"Sạch sẽ, phục vụ tốt, vị trí thuận tiện"
Phan Rang,Khách sạn Biển Xanh (trước đây là Khách sạn Anh Khoa 2),GoogleMap,Nguyen H.,"9,7",26/08/2023,"Khách sạn mới, vô phòng còn mùi sơn luôn. Dịch vụ rất ok, không quá sang trọng mà cũng không quá cẩu thả. Nó vừa tầm khiến mình cảm thấy rất thoải mái. Lần tới đi mình nhất định sẽ ghé lại."
Phan Rang,Khách sạn Biển Xanh (trước đây là Khách sạn Anh Khoa 2),Traveloka,LE THI C. N.,"9,7",06/06/2023,"Vị trí trung tâm thuận tiện đi lại, cơ sở vật chất mới, vệ sinh sạch sẽ. Nhân viên thân thiện"
Phan Rang,Khách sạn Biển Xanh (trước đây là Khách sạn Anh Khoa 2),GoogleMap,Dat P.,"9,1",18/08/2025,"Lần thứ 2 ghé lại đây. Hotel vẫn vậy sạch sẽ. Bãi đậu xe hơi có mái che mát. Vị trí gần nhiều quán ăn. Tụi mình có ghé thử quá bánh canh cua gió, cafe karinox gần hotel"
Phan Rang,Khách sạn Biển Xanh (trước đây là Khách sạn Anh Khoa 2),Traveloka,Kim T.,"10,0",07/06/2023,"Tôi đã có kỳ nghỉ hơn cả tuyệt vời tại đây. Phòng ốc sạch sẽ, nhân viên thân thiện. Đáp ứng được những nhu cầu mà chúng tôi cần, chắc chắn sẽ quay lại đây để lưu trú khi đến ninh thuận"
Phan Rang,Khách sạn Hacom Galaxy,Traveloka,LE LONG S.,"9,1",14/07/2023,"Phòng ốc và vị trí tốt, khách sạn thoải mái"
Phan Rang,Khách sạn Hacom Galaxy,Traveloka,Dang T. H.,"9,7",27/03/2023,Lễ tân dễ thương hỗ trợ hết mình
Phan Rang,Khách sạn Hacom Galaxy,Traveloka,Nguyen T. B. T.,"9,4",26/06/2023,"Một trong những khách sạn duy nhất trên bãi biển phan rang. Vị trí tốt, tòa nhà được bảo trì tốt và các phòng đều ổn. Chỉ có khiếu nại là giá hơi đắt đối với một căn phòng không có cửa sổ."
Phan Rang,Khách sạn Hacom Galaxy,GoogleMap,Duong D. N.,"9,4",18/02/2024,"Phòng sạch sẽ, gọn gàng, tiện nghi, đồ dùng đầy đủ. Gần biển, gần trung tâm, đi lại thuận tiện."
Phan Rang,Khách sạn Hacom Galaxy,Traveloka,Thảo P.,"8,5",16/09/2023,Khách sạn nằm ở vị trí dễ tìm. Nhân viên hỗ trợ nhiệt tình. View ngắm bình minh hoàng hôn đều đẹp.
Phan Rang,Khách sạn Hacom Galaxy,Traveloka,"An Quoc, N.","8,8",09/10/2023,"Phòng ốc ok, sạch sẽ, view thoáng. Lễ tân good quá. Tương tác với khách hàng rất dễ thương, hướng dẫn tận tình nơi nào ăn ngon, ăn rẻ các món ăn địa phương."
Phan Rang,Khách sạn Hacom Galaxy,Traveloka,Le Thi B. T.,"6,0",22/02/2024,"M đã từng đi cách đi 3 nam trước mình thấy khách sạn rất ok, nên quay lại thì thật sự khá thất vọng. Đầu tiên là ga giường rất dơ, vết ga cũ đã sử dụng nhiều lần khách chưa thay nên rất cũ và có nhiều bụi, mình nằm rất ngứa, thứ 2 là tủ quần áo không đóng kín được , cửa tự mở và kêu két két, bồn cầu toilet dính những vết ố vàng trên nắp. Thứ 3 là cửa sổ rất nắng , mình không thể ngủ được vào buổi sáng. M đã dùng khăn tắm che lên nhưng vẫn không đc, tại sao khách sạn không sử dụng rèm, vì nắng ở pr rất gắt rọi vào không thể ngủ dc, mình đã phải đổi đầu nằm để đỡ được . Thứ 4, cách âm quá kém luôn, những phòng khác nói chuyện ồn mình đều nghe, và phòng kế bên sả nước toilet hay tắm mình đều nghe rõ, cảm giác rất khó chịu và không riêng tư xiua nào. Tóm lại mình thấy khách sạn rất cũ , và không sạch từ những góc nhỏ, chân tường bám ố vàng. M biết khách sạn cug đã lâu nên sẽ cũ nhưng các bạn cần cải thiện và giữ sạch sẽ cho ks, vì mình ra khách sạn ngủ nghỉ mà mình không thể đắp chăn và không dám nằm xuống . Chất lượng phòng cug như cách âm đều như vậy, các bạn nên xem lại và cải thiện. Thanks"
Phan Rang,Khách sạn Hacom Galaxy,Traveloka,Thi T. D.,"8,5",30/07/2023,"Kỳ nghỉ hè đáng nhớ ở phan rang, khách sạn khá ổn áp giá bình dân khá gần biển, ở ngay trung tâm thành phố tiện ăn uống"
Phan Rang,Khách sạn Hacom Galaxy,Traveloka,Le Cao T.,"8,3",18/09/2022,"Khách sạn hơi ồn, nhân viên thân thiện!"
Phan Rang,Khách sạn Hacom Galaxy,Traveloka,HO PHUOC V.,"8,5",22/10/2018,"Khach san moi, sach se, gan bien, tuy nhien hoi xa trung tam thanh pho nen viec an uong hoi bat tien nhan vien le tan va bao ve nhiet tinh, than thien. Neu co dip vao phan rang, toi van se chon khach san nay thank traveloka team"
Phan Rang,Khách sạn Hacom Galaxy,GoogleMap,Tran T. M. N.,"10,0",03/02/2022,"Khách sạn gần biển, đủ tiện nghi, giường rất rộng. Lễ tân nhiệt tình."
Phan Rang,Khách sạn Hacom Galaxy,Traveloka,Vi Thao B.,"8,8",04/01/2019,"Khách sạn sạch sẽ, gần bãi biển, nơi yên tĩnh, 5 phút lái xe đến trung tâm citi."
Phan Rang,Khách sạn Hacom Galaxy,Traveloka,Vo Hoang H. L.,"6,6",08/01/2019,Ngày nhận phòng 30/12/2018. Ưu điểm -gần biển. -phòng mới. - giá ngày lễ hợp lý. Nhược điểm - khóa cửa sử dụng thẻ từ bị hư. - không có nước nóng. - đệm giường ghép 2 tấm lại nên có vết hằn ở giữa giường gây khó chịu khi nằm.
Phan Rang,Khách sạn Hacom Galaxy,Traveloka,Tony,"6,1",31/10/2018,Họ cứ đổ lỗi cho chúng tôi bằng cách sử dụng công cụ nhưng chúng tôi đã không
Phan Rang,Khách sạn Hacom Galaxy,Traveloka,HOANG N. T. H.,"9,7",26/10/2018,"Khách sạn mới xây, sạch bong, còn thơm mùi sơn, mùi gỗ... Nước, máy lạnh tốt, nhân viên de thương nhiet tinh..."
Phan Rang,Khách sạn Hacom Galaxy,Traveloka,Uyn,"8,5",20/10/2018,"Phòng đẹp, giá khá rẻ tuy nhiên khi mới vào phòng hơi có mùi ẩm ẩm."
Phan Rang,Khách sạn Hacom Galaxy,Traveloka,Tran S.,"9,1",09/10/2018,"Khách sạn mới phòng sạch sẽ, gần biển, nhân viên nhiệt tình, giá cả tốt nhưng phòng tắm chỗ thoát nước hơi bị hôi. Cần cải tạo lại hệ thống thoát nước..."
Phan Rang,Khách sạn Hacom Galaxy,Traveloka,Tho L.,"6,0",06/04/2018,"Khách sạn mới, đồ nội thất đẹp, giá phù hợp nhưng tối cúp điện thì không có phương án dự phòng, máy phát điện mở được 1 lúc thì hết dầu, không 1 lời hỏi han khách hàng!"
Phan Rang,Khách sạn Hacom Galaxy,Traveloka,Minh L. N.,"9,7",21/08/2022,"Khách sạn còn mới, phòng đẹp, giường king siêu rộng. Vị trí trung tâm, gần biển, khu dân cư mới yên tĩnh. Dịch vụ tốt, chị nhân viên siêu dễ thương, hỗ trợ khách vô cùng tận tâm. Sẽ quay lại trong các chuyến sắp tới. Điểm cần khắc phục nhẹ là hệ thống nước nóng hơi khó chỉnh, còn lại tuyệt vời."
Phan Rang,Khách sạn Hacom Galaxy,Traveloka,Vuong N.,"8,5",29/07/2025,"Vị trí khách sạn gần bãi tắm bình sơn khoảng 300m, phòng sạch sẽ, nhân viên lễ tân nhiệt tình, thân thiện"
Phan Rang,Khách sạn Hacom Galaxy,Traveloka,Dam C. Q.,"9,1",25/02/2019,"Kha ch sa n đe p, view tô t, chô đê xe rô ng ra i, nhân viên thân thiê n. Tuy nhiên pho ng ca ch âm không tô t, nghe ca tiê ng ô n bên ngoa i va pho ng bên."
Phan Rang,Khách sạn Hải Vân Luxury,Traveloka,Moon L.,"8,5",22/06/2020,"Nhân viên nhiệt tình ,phòng sạch sẽ"
Phan Rang,Khách sạn Hải Vân Luxury,GoogleMap,Hoa N.,"9,4",05/07/2025,"Chủ ks cực kỳ thân thiện, luôn quan tâm tới khách hàng một cách chủ động. Phòng sạch sẽ, không có điểm nào chê."
Phan Rang,Khách sạn Nu Hoang Ninh Thuan,Traveloka,P***M,"9,1",19/09/2025,"Khách sạn ngay trung tâm, sạch sẽ, tiện nghi"
Phan Rang,Khách sạn Nu Hoang Ninh Thuan,Traveloka,Linh T.,"8,8",13/08/2022,"Nhân viên rất nhiệt giúp chúng mình thuê xe máy, gọi taxi. Thân thiện."
Phan Rang,Khách sạn Nu Hoang Ninh Thuan,Traveloka,Nguyen N. T. X.,"8,5",01/10/2022,"Lần này đi công tác có dịp ghé lại. Phòng kì này hơi dơ, có cảm giác nhân viên không để ý tiểu tiết như bàn, khăn. Mong khách sạn cải thiện. Ví trị vô cùng thuận tiện. Gần quảng trường và nhiều khu ăn uống."
Phan Rang,Khách sạn Nu Hoang Ninh Thuan,Traveloka,Trinh T. K.,"8,5",03/10/2022,Giá phù hợp cho người đi công tác hay du lịch.
Phan Rang,Khách sạn Nu Hoang Ninh Thuan,Traveloka,Nguyen t. M. T.,"9,4",23/10/2022,"Tôi đã có kỳ nghỉ ngắn ngày tuyệt vời cùng với nữ hoàng hotel. Phòng sạch sẽ,mát mẻ dù chưa bật máy lạnh. Giá thì quá ok la rồi,ngay trung tâm đi ăn uống hoặc ra biển quá gần luôn. Sát bên hotel 2,3 căn có quán hủ tiếu nam vang ngon lắm. Lần sau có dịp ghé sẽ tiếp tục ghé nữ hoàng hotel"
Phan Rang,Khách sạn Nu Hoang Ninh Thuan,Traveloka,Phng N.,"9,1",31/10/2022,"Máy lạnh hơi yếu, giường bị ngăn nối nệm"
Phan Rang,Khách sạn Nu Hoang Ninh Thuan,Traveloka,Ha Duc T.,"9,7",24/12/2022,Tốt. Chuyến công tác tốt đẹp.
Phan Rang,Khách sạn Nu Hoang Ninh Thuan,Traveloka,DUONG T. T.,"8,5",19/01/2023,Phòng rộng ok lấm mà cái nhà tắm vệ sinh hơi kì
Phan Rang,Khách sạn Nu Hoang Ninh Thuan,Traveloka,Trang N. T. H.,"6,1",17/03/2023,"Cách âm quá kém, giường thì ghép đôi thành giường lớn nằm ngủ rất đau lưng và không thoải mái."
Phan Rang,Khách sạn Nu Hoang Ninh Thuan,Traveloka,NGUYEN HOANG TIEN,"9,1",20/03/2023,"Khách sạn nằm ở trung tâm, khá sạch sẽ và tiện đi lại, dịch vụ tốt, mình sẽ quay lại khi đến ninh thuận"
Phan Rang,Khách sạn Nu Hoang Ninh Thuan,Traveloka,Hoang H. L.,"8,5",02/11/2022,Nhân viên nhiệt tình thân thiện
Phan Rang,Khách sạn Nu Hoang Ninh Thuan,Traveloka,Ngo V. C. U.,"9,7",03/05/2023,"Sạch sẽ, phòng rộng đẹp, sẽ trở lại ở kỳ nghỉ tiếp theo"
Phan Rang,Khách sạn Nu Hoang Ninh Thuan,Traveloka,thanh,"8,2",30/06/2023,"Phòng cũ, có mùi ẩm mốc. Vị trí thuận tiện để đi ăn uống và tham quan"
Phan Rang,Khách sạn Nu Hoang Ninh Thuan,Traveloka,Toan T. T.,"9,1",08/03/2024,"Ngay trung tâm phan rang, đi đâu cũng tiện. Sạch sẽ, nhiều hàng quán xung quanh, bãi đậu xe rộng và tiện lợi. Có cái là phòng của mình bồn chứa nước toilet bị rỉ nước xì xèo cả đêm, vừa ồn vừa tốn nước, lỗi này đáng ra đã được dễ dàng phát hiện và sửa trước khi giao cho khách."
Phan Rang,Khách sạn Nu Hoang Ninh Thuan,Traveloka,N***n,"6,8",03/04/2024,"Phòng không có cửa số khá bí, ga giường khá cũ. Nhân viên dễ thương."
Phan Rang,Khách sạn Nu Hoang Ninh Thuan,GoogleMap,TRAN H. Q.,"9,1",10/06/2024,"Kkhách sạn khá ok , tôi sẽ quay lại lần sau ."
Phan Rang,Khách sạn Nu Hoang Ninh Thuan,Traveloka,Hung N.,"6,0",25/08/2024,"Mình có lưu trú tại đây 2 ngày nhưng ngày chủ nhật thì mất điện lúc 2h trưa đang ngủ và trải nghiệm cái nóng khủng khiếp. Nước trong nhà vệ sinh quá yếu, khăn tắm khô cứng, nhìn rất cũ. Cách âm siêu tệ, ở trong phòng có thể nghe thấy âm thanh ở ngoài rõ mồn một. Nói chung trải nghiệm không tốt. Điểm cộng là có bãi giữ xe hơi và gần trung tâm."
Phan Rang,Khách sạn Nu Hoang Ninh Thuan,Traveloka,Vương N. Đ.,"8,3",14/01/2025,"Vị trí trung tâm, gần chợ, đi về hướng tháp chàm hay ra biển đều phù hợp. Có cho thuê xe máy. Giá cả hợp lý nếu chỉ để về ngủ sau khi đi chơi."
Phan Rang,Khách sạn Nu Hoang Ninh Thuan,GoogleMap,H***g,"8,5",17/07/2025,"Nhân viên hỗ trợ nhiệt tình, giá cả phải chăng"
Phan Rang,Khách sạn Nu Hoang Ninh Thuan,Traveloka,Dinh N. M.,"4,5",12/04/2023,"Tôi nhận phòng nhưng khách sạn đã không thay chăn drap gối nệm mới cho tôi mà sử dụng bộ cũ của khách trước, trên gối còn rõ mùi mồ hôi của khách cũ, còn dùng tấm trang trí giường để che đi những vết bẩn cũ. Khi tôi gọi nhân viên lễ tân yêu cầu đổi gối mới thì lễ tân thái độ, cười nhếch mép, không những không xin lỗi mà còn hỏi vậy hả? bạn chắc chắn sẽ không được tôn trọng và phải sử dụng chăn gối chung với nhiều khách khác khi lưu trú tại khách sạn này, hãy cân nhắc kĩ trước khi chọn."
Phan Rang,Khách sạn Phan Rang,Traveloka,Nguyen T. A. V.,"9,4",15/05/2023,"Phòng sạch sẽ, đầy đủ tiện nghi, ngay trung tâm đi bộ ra chợ đêm phan rang được. Ở khách sạn có dịch vụ gội đầu dưỡng sinh, nail ... Giá siêu mềm luôn sẽ ủng hộ nếu có dịp quay lại"
Phan Rang,Khách sạn Phan Rang,GoogleMap,Nguyen V. T.,"6,0",26/09/2023,"Nhân viên nhà nghỉ thân thiện, nhiệt tình. Nhưng nói là khách sạn thì hơi quá, nên phan rang hotel chỉ nên gọi là nhà nghỉ thôi. Phòng giá 250k hôi, bí bách và không cách âm. Sau đó mình xin chuyển sang phòng 325k thì đỡ hôi hơn, nhưng phòng chỉ có 1 sọt đựng rác trong nhà vệ sinh, tấm nhựa bồn cầu thì lung lay và chậu rửa mặt thì bị tắc."
Phan Rang,Khách sạn Phan Rang,GoogleMap,DAI T. L.,"8,8",27/11/2023,"Bề ngoài nhìn khách sạn khá đẹp, nhưng bên trong cũ , không sạch lắm, giường thì bé xíu, được cái gần trung tâm, ăn uống gần đó có nhiều, nhân viên nhiệt tình."
Phan Rang,Khách sạn Phan Rang,Traveloka,Loan T.,"8,5",29/12/2023,Cảm ơn sự nhiệt tình giúp đỡ của hai vc chủ khách sạn và các em phục vụ rất dễ thương
Phan Rang,Khách sạn Phan Rang,Traveloka,NGUYEN M. T.,"8,8",22/08/2024,Cập nhật địa chỉ nhé. Tìm hơi lâu
Phan Rang,Khách sạn Phan Rang,GoogleMap,Pham S. T.,"9,4",08/03/2024,"Rất tốt trong tầm giá, có đủ loại phòng nhỏ, trung, to. Giá từ 200k"
Phan Rang,Khách sạn Phan Rang,Traveloka,Ngo T. T. T.,"5,5",13/05/2024,"Khách sạn khá cũ, toilet nền bong tróc và có kiến. Phòng nghe hết âm thanh xung quanh và đặc biệt là tiếng cửa cuốn. Nên đang ngủ mà nghe thì khá đáng sợ. )) drap, nệm không biết dơ hay cũ nhưng không sạch lắm. Không đề xuất."
Phan Rang,Khách sạn Phan Rang,Traveloka,Tran T. B. T.,"8,2",24/05/2024,Địa chỉ không trùng với địa chỉ trên apps nên tìm không ra phải gọi đến số điện thoại của khách sạn (địa chỉ đúng là 39 nguyên hồng). Khách sạn không có thang máy nên leo lên đến phòng là mệt đuối. Điểm cộng là các bạn nhân viên rất tận tình mang hành lý lên giúp. So với tầm giá thì phòng ốc khá ổn. Khu vực ở gần phố đi bộ và ăn uống nên rất tiện
Phan Rang,Khách sạn Phan Rang,Traveloka,ng Ng V.,"8,5",30/09/2022,"Phòng thì tạm được, không quá đẹp"
Phan Rang,Khách sạn Phan Rang,Traveloka,Tran T. A.,"8,5",20/02/2024,"Khách sạn ổn, ngay trung tâm dễ di chuyển, để xe ô tô thoải mái"
Phan Rang,Khách sạn Phan Rang,Traveloka,Ngo T. L. L.,"8,3",10/06/2022,Thái độ nhân viên không hài lòng khách sạn 5 tầng nhưng không có thang máy phải xách vali đi cầu thang khá mệt
Phan Rang,Khách sạn Phan Rang,Traveloka,Nguyen H. P. A.,"9,7",01/07/2017,"Phòng ở sạch sẽ. Khách sạn nhân viên nhiệt tình, dễ mến"
Phan Rang,Khách sạn Phan Rang,Traveloka,Ng? D.,"9,7",15/02/2022,"Sạch sẽ- tiện nghi- giá tốt, chúc moi nguoi lựa chọn nơi nghỉ ngơi vui vẻ"
Phan Rang,Khách sạn Phan Rang,Traveloka,Nguyen T. A. T.,"9,7",03/03/2021,"Khách sạn đẹp, sạch, tiện nghi, nhân viên rất nhiệt tình, dễ thương . Lần sau sẽ ghé lại!"
Phan Rang,Khách sạn Phan Rang,Traveloka,VO THI H. L.,"8,5",11/01/2021,"Lễ tân nhiệt tình, phòng mới, gần chợ đêm, nhiều chỗ ăn uống, tuy nhiên khách sạn nên update lại địa chỉ ở khu k1"
Phan Rang,Khách sạn Phan Rang,Traveloka,Hoang T. D. T.,"9,6",31/05/2020,"Khách sạn đẹp, chị chủ vui tính, sạch sẽ, gần trung tâm"
Phan Rang,Khách sạn Phan Rang,Traveloka,Vo Thi P. L.,"9,7",06/03/2020,"Khách sạn sạch sẽ, mới nhân viên thân thiện. Mình đã có kỳ nghỉ hài lòng ở đây"
Phan Rang,Khách sạn Phan Rang,GoogleMap,Nguyen T. T. P.,"8,5",11/09/2017,"Chủ khách sạn thân thiện, phòng hơi nhỏ, vị trí thuận lợi"
Phan Rang,Khách sạn Phan Rang,GoogleMap,Tri Tran,"9,1",17/08/2017,Tốt vui vẻ sẽ ghé lại lần sau.
Phan Rang,Khách sạn Phan Rang,Traveloka,ly thai s.,"8,8",07/07/2017,"Phòng mới, sạch sẽ, 2 anh chị chủ rất nhiệt tình và vui tính"
Phan Rang,Khách sạn Phan Rang,Traveloka,Tran B. H.,"10,0",07/07/2017,"Tuyệt vời. Dịch vụ, phòng khách sạn sạch sẽ"
Phan Rang,Khách sạn Phan Rang,Traveloka,T***h,"9,4",27/09/2024,"Tất cả mọi thứ đều rất tốt, có điểm cần lưu ý là địa chỉ khách sạn trên app bị sai, cần cập nhật lại"
Phan Rang,Khách sạn Phan Rang,Traveloka,Maricel R.,"8,5",03/05/2022,"Các nhân viên rất thân thiện và có sức chứa. Vị trí của khách sạn gần nhiều nhà hàng. Điểm kém duy nhất của khách sạn là độ sạch sẽ, tôi cho 2 trên tổng số căn phòng trông sạch sẽ, nhưng có mùi kinh khủng. Ngoài ra, chuyến đi phang rang của chúng tôi thật tuyệt vời."
Phan Rang,Khách sạn Phan Rang,Traveloka,Le Mai m.,"9,4",04/07/2025,"Tôi thích phòng tắm có vòi sen cung cấp nước từ 4 kiểu. Vị trí gần chợ đêm và nhiều quán cà phê, cửa hàng thực phẩm cũng gần một công viên lớn."
Phan Rang,Khách sạn Phan Rang,GoogleMap,phuoc t.,"10,0",29/04/2024,Phòng oke gần trung tâm giá tốt
Phan Rang,Khách sạn Phương Đông Ninh Thuận,Traveloka,NGUYEN K. T.,"8,5",08/05/2024,Không có cầu thang máy...nên leo lên lầu 3 là cả một vấn đề cho ai chân yếu hay chân có liên quan đến dây chằng.
Phan Rang,Khách sạn Phương Đông Ninh Thuận,Traveloka,Duong T. N. D.,"9,4",29/01/2023,Khách sạn gần nhiều địa điểm du lịch nên rất tiện di chuyển.
Phan Rang,Khách sạn Phương Đông Ninh Thuận,Traveloka,Trien N.,"8,5",26/05/2021,"Vị trí thuận lợi cho việc đi ăn uống, cafe. Hotel sạch sẽ, có dọn phòng mỗi ngày. Giá thì quá rẻ"
Phan Rang,Khách sạn Phương Đông Ninh Thuận,Traveloka,Tu Nguyen,"9,4",02/05/2019,Phòng ốc rộng rãi gần biển ninh chữ. Nhân viên rất thân thiện và nhiệt tình với khách.
Phan Rang,Khách sạn Phương Đông Ninh Thuận,Traveloka,NGUYEN T. T. H.,"9,1",13/10/2018,"Phòng ngủ rộng rãi, sạch sẽ. Chủ nhà thân thiện. Giá cả dễ chịu. Sau này có dịp sẽ quay lại."
Phan Rang,Khách sạn Phương Đông Ninh Thuận,Traveloka,Huynh N.,"8,8",09/09/2018,"Phòng như hình, sáng sủa, khá sạch, nhân viên nhiệt tình thân thiện."
Phan Rang,Khách sạn Phương Đông Ninh Thuận,Traveloka,Phan N. V.,"8,3",10/07/2018,"Khách sạn vừa trong tầm giá. Không có gì đặc biệt, nội thất cũ khá sạch"
Phan Rang,Khách sạn Phương Đông Ninh Thuận,Traveloka,Phuc Vinh Huynh,"5,8",09/07/2018,Khách sạn yêu cầu phụ thu cho 1 người vì phòng 2 giường chỉ dành cho 3 người. Trong khi niêm yết là phòng dành cho 4 người!
Phan Rang,Khách sạn Phương Đông Ninh Thuận,Traveloka,Nguyen D. D.,"6,3",31/08/2024,"Vị trí hotel gần bãi biển,dịch vụ giá cả bình dân."
Phan Rang,Khách sạn Phương Đông Ninh Thuận,Traveloka,Le,"9,4",23/06/2018,Gần trung tâm thuận tiện sạch sẽ
Phan Rang,Khách sạn Phương Đông Ninh Thuận,Traveloka,Phung,"9,4",07/05/2018,"Chủ khách sạn thân thiện, nhiệt tình, giá rẻ"
Phan Rang,Khách sạn Phương Đông Ninh Thuận,Traveloka,Luong T. T.,"5,4",30/04/2018,"Phòng ốc cũ kỹ, máy lạnh không điều khiển đuơ c. Nói chung cần phải đại tu."
Phan Rang,Khách sạn Phương Đông Ninh Thuận,Traveloka,Nguyen H. N.,"8,7",02/03/2018,"Giá cả khá rẻ, gần công viên biển, yên tĩnh, nhân viên nhiệt tình dẫn khách lên nhận phòng, đáp ứng các yêu cầu khác của khách. Tuy nhiên, máy lạnh yếu quá, không lạnh mà với thời tiết phan rang thì hơi nực tý, mình phải mượn thêm quạt. Mình chỉ ơ lai 1 đêm, nhưng nhìn chung khách sạn đáp ứng tốt đối với yêu cầu của dân phượt."
Phan Rang,Khách sạn Phương Đông Ninh Thuận,Traveloka,Bach T. D.,"6,5",02/03/2018,"Phòng nhiều muỗi, còn lại ok hết, gần biển nên rất tiện"
Phan Rang,Khách sạn Phương Đông Ninh Thuận,Traveloka,Phi V.,"8,5",07/03/2018,"Nhân viên nhiệt tình, phòng sạch sẽ nhưng có muỗi"
Phan Rang,Khách sạn Phương Đông Ninh Thuận,Traveloka,Nguyen Q. K.,"8,5",24/02/2018,Khách sạn rộng rãi thoải mái minh di 4 người giá cả hợp lí
Phan Rang,Khách sạn Phương Đông Ninh Thuận,Traveloka,Hoang N. M.,"9,1",18/09/2017,"Khách sạn sạch, đẹp, ngay trung tâm, giá phải chăng."
Phan Rang,Khách sạn Phương Đông Ninh Thuận,Traveloka,Tran T. H.,"8,5",06/06/2018,"Gần biển, có sân thượng để phơi đồ, phòng hởi cũ những cũng ok, cửa tolet bị hư."
Phan Rang,Khách sạn Phương Đông Ninh Thuận,Traveloka,Thao H.,"8,5",19/08/2017,"Rất chu đáo và tiện nghi. Nhân viên nhiệt tình, vui vẻ"
Phan Rang,Khách sạn Phương Đông Ninh Thuận,Traveloka,Daisy,"8,5",05/08/2017,Nhân viên hữu ích. Địa điểm khá gần bãi biển.
Phan Rang,Khách sạn Tam An,Traveloka,Vo Anh T.,"9,7",21/03/2024,"Gần biển, rẻ, sạch, máy lạnh lạnh tưởng không lạnh mà lạnh teo linh hồn luôn."
Phan Rang,Khách sạn Tam An,Traveloka,Phuong N.,"9,7",06/01/2024,"Khách sạn giá cả phải chăng, phòng ốc rất sạch sẽ, vị trí thuận tiện chỉ mất 5 phút là tới biển. Anh chị chủ thì siêu dễ thương và nhiệt tình. Highly recommended nha. Ai muốn thuê xe máy đi cho thuận tiện thì khách sạn có cho thuê luôn khỏi đi đâu xa. Có dịp đến phan rang sẽ quay lại đây lần nữa hic không chụp ảnh nào trong khách sạn nên up đỡ vài tấm ảnh ở phan rang"
Phan Rang,Khách sạn Tam An,Traveloka,Thai T.,"9,1",25/05/2022,Phòng rộng và sạch sẽ. Nước nóng vào ban đêm không tốt lắm. Không có thang máy.
Phan Rang,Khách sạn Tam An,GoogleMap,Le Ngoc S.,"5,7",08/03/2020,Giống nhà nghỉ chứ khách sạn 3 sao gì.
Phan Rang,Khách sạn Tam An,Traveloka,Nhan T.,"8,8",26/01/2020,"Phòng gia đình rất rộng và thoải mái, duy nhất caia nhà vệ ainh thì nước khá yếu và nhỏ so với diện tích căn phòng. Mình đến trễ và đi sớm nên không gặp anh chủ nhà mà chì gặp em trai của anh, nói chung về service thì ok ở mức chấp nhận và hài lòng cơ bản. Nhà ở đường nhỏ nên ít xe, ban đêm ngủ thoải mái chứ không sợ mấy xe tải chạy ầm ầm bên ngoài."
Phan Rang,Khách sạn Tam An,Traveloka,Cao T. M.,"9,7",30/10/2019,"Chủ nhà thân thiện, vui vẻ và hỗ trợ."
Phan Rang,Khách sạn Tam An,Traveloka,Nht L.,"6,0",22/07/2019,"Phòng tạm ổn, trong phòng không có gương lớn, không có tủ lạnh, không có nước uống, em của anh chủ là người làm thủ tục check in phòng cho mình không niềm nở lắm. Nhưng bù lại anh chỉ chủ nước rất thân thiệt và nhiệt tình"
Phan Rang,Khách sạn Tam An,Traveloka,Hoang Q. L.,"6,0",01/01/2022,"Không nước nóng, không máy sấy tóc, không giấy vệ sinh, dép đi trong nhà chỉ có 1 đôi."
Phan Rang,Khách sạn Tam An,Traveloka,DIEP T. K.,"5,7",06/07/2019,"Mình đặt phòng gia đình 4 người lớn 2 giường 1.6m (như trong hình), check in cho mình phòng lầu 3 mà khách sạn thì không có thang máy, rồi khách sạn cho thêm cái nệm 1.6m để dưới đất, phòng rộng mà máy lạnh bé xíu (chắc loại 1hp), tệ hại hơn là máy lạnh chạy hơn 6 tiếng mà phòng nóng như điên, thế là phải lau nền nhà ngủ (tệ hơn nhà nghỉ). Đối diện khách sạn là nghĩa địa, se không bao giờ quay lại lần nữa. Quá quá tệ! 0 điểm."
Phan Rang,Khách sạn Tam An,Traveloka,Ta Nguyen H. V.,"9,4",05/04/2019,"Anh chủ rất nhiệt tình, phòng khá ổn"
Phan Rang,Khách sạn Tam An,Traveloka,dong d.,"8,8",11/04/2019,"Phòng đúng, nhân viên nhiệt tình, vui vẽ"
Phan Rang,Khách sạn Tam An,Traveloka,Duc C. P.,"8,5",20/06/2025,"Phòng ở đơn giản, hợp lí, phù hợp với giá tiền"
Phan Rang,Khách sạn Tam An,Traveloka,N***N,"5,0",15/07/2024,"Đã đặt phòng và thanh toán nhưng khi đến nơi lúc 22h10 thì khách sạn báo đã huỷ với traverloka. Tiền thì đã đặt, hotline không làm việc, chat không gặp hỗ trợ viên. Nói chung kinh nghiệm là né nha"
Phan Rang,Khách sạn Tam An,Traveloka,K Phm,"8,5",10/06/2025,Giá rẻ phòng sạch sẽ. Nhân viên thân thiện
Phan Rang,Khách sạn Tam An,GoogleMap,Mnh H. L.,"8,5",14/07/2019,"Khách sạn thì ok. Nhưng tiêu chuẩn không có sao nào lại để 3 sao. Không biết là do app hay do khách sạn đề xuất, như vậy là không nên, không trung thực với khách hàng."
Phan Rang,Khách sạn Thu Thảo Ninh Thuận,Traveloka,Le Anh T.,"5,6",30/09/2020,"Mình đi ngang qua ninh thuận nên ghé phan rang nghỉ lại 1 đêm. Tìm trên app thì thấy khách sạn được đánh giá rất tốt. Mình đặt trên app xong hết, vô tới khách sạn thì anh chủ lại nói là đã báo hết phòng rồi, chỉ còn 1 phòng lửng nhỏ thôi. Mình xem qua phòng thì tạm chấp nhận để nghỉ qua 1 đêm mai đi sớm. Tối mình đi ăn thì gặp 2 người vô hỏi phòng, thì thấy cô chủ đợi mình đi ra ngoài hẳn thì mới nói với 2 người khách lẻ là còn phòng. Như vậy khách sạn đã gian dối khách hàng, đưa phòng nhỏ cho mình"
Phan Rang,Khách sạn Thu Thảo Ninh Thuận,Traveloka,tranthithucha,"8,5",04/01/2021,"Mình đến mình phòng lúc 5h sáng mặc dù giờ check in là 12h trưa. Chủ nhà cực kỳ thân thiện và lịch sự. Phòng sạch sẽ và vị trí thuận tiện, ngay trung tâm thành phố."
Phan Rang,Khách sạn Thu Thảo Ninh Thuận,Traveloka,HO LE B. N.,"8,5",29/12/2021,Phòng đẹp .. Gần trung tâm.chủ thân thiện dễ thương
Phan Rang,Khách sạn Thu Thảo Ninh Thuận,Traveloka,TRINH X. M.,"9,1",29/06/2023,"Khách sạn đầy đủ tiện nghi, phòng sach sẽ, chủ khách sạn thân thiện và nhiệt tình!"
Phan Rang,Khách sạn Thu Thảo Ninh Thuận,Traveloka,Vy Lê T. H.,"9,7",26/06/2023,"Phòng gọn gàng sạch sẽ, trang thiết bị hiện đại,"
Phan Rang,Khách sạn Thu Thảo Ninh Thuận,GoogleMap,NAM V.,"8,5",17/02/2024,"Khách sạn dạng gia đình (tư nhân) trang bị cơ bản đáp ứng yêu cầu ở đơn giản máy lạnh, máy nước nóng, tv có internet, bãi xe ô tô rộng rãi, đường sá trong khu vực cũng đủ rộng để đi lại dễ dàng."
Phan Rang,Khách sạn Thu Thảo Ninh Thuận,GoogleMap,H***g,"8,2",06/06/2024,"Khách sạn cho nhận phòng sớm. Nhưng phải trả thêm tiền, giá cả cũng không mắc, gần coopmart nên chỗ ăn uống khá nhiều. Không có gì phàn nàn, chỉ có điều khóa phòng hơi tệ, khó khóa, có dấu hiệu hư."
Phan Rang,Khách sạn Thu Thảo Ninh Thuận,Traveloka,leminhduc,"8,2",18/06/2024,"Khách sạn sạch sẽ, anh chủ nhiệt tình, vị trí cug thuận tiện đi lại"
Phan Rang,Khách sạn Thu Thảo Ninh Thuận,Traveloka,Nguyen P. N. D.,"9,4",05/01/2020,"Mình đặt phòng cho 1 người ở, giá 243k/đêm. Cho 3 đêm, giá rất tốt trong khu vực này vì đi 1 người nên diện tích phòng khiêm tốn. Nội thất đầy đủ, có máy lạnh, tv, tủ lạnh, tủ để quần áo. Giường để ga trắng rất sạch, nhà vệ sinh rộng rãi, sạch sẽ, thoáng mát. Có lần mình không yêu cầu dọn phòng nhưng có người của khách sạn vẫn vào dọn. Vừa vui vừa thấy hơi kì xíu. Trong phòng không có nước suối đóng chai, muốn uống thì tự mua tiệm tạp hoá gần đó. Nếu cần nước nóng, máy sấy, ủi quần áo thì xuống tầng trệt để xin. Chỗ ủi đồ khá thô sơ, cái bàn để đặt quần áo lên ủi khá nhỏ và lùn điểm không thích - cửa phòng làm bằng chất liệu khá mỏng nên có vẻ là không cách âm tốt - chỗ có cửa sổ thì bị hỏng chốt, cái này không sao nhưng vì đặc điểm khí hậu ninh thuận mùa cuối năm nhiều gió, mà lại gió gắt nên lúc ngủ phải dậy kiếm đồ chèn cửa sổ lại để nó không đập vào thành cửa sổ. Không làm thì sẽ rất ồn ào, khó ngủ - một phần vì ninh thuận chưa có nhiều điểm đi chơi buổi tối nên có một quy định của khách sạn là tránh làm ồn từ 10h tối và trước 7h sáng, khá vô lí nhưng rất hơp lí điểm thú vị nếu đi vào ngày thường và vào thứ hai thì sẽ được nghe tiếng học sinh chào cờ và đọc 5 điều bác hồ dạy"
Phan Rang,Khách sạn Thu Thảo Ninh Thuận,Traveloka,Vân B.,"9,7",06/12/2022,"Tuyệt vời, phòng sạch, chủ thân thiện. Đáng để lưu trú"
Phan Rang,Khách sạn Thu Thảo Ninh Thuận,Traveloka,Tranphuongduy,"10,0",20/10/2019,"Phòng ốc sạch sẽ, có mùi hương thơm dễ chịu, giá cả hợp lý, cô chủ khách sạn thoải mái vui vẻ nhiệt tình."
Phan Rang,Khách sạn Thu Thảo Ninh Thuận,Traveloka,tranthithucha,"8,5",02/01/2021,"Khách sạch sạch sẽ, gọn gàng, chủ nhà thân thiện hòa nhã lịch thiệp. Vị trí thuận tiện. Người dân địa phương dễ mến."
Phan Rang,Khách sạn Thu Thảo Ninh Thuận,Traveloka,Pham T. T. H.,"8,7",27/05/2019,Khách sạn sạch sẽ phù hợp giá tiền và gần trung tâm thành phố
Phan Rang,Khách sạn Thu Thảo Ninh Thuận,Traveloka,Phan T. T. D.,"9,4",05/06/2019,"Khách sạn mới, sạch đẹp, vị trí khá trung tâm nên đi ăn uống dễ, gần siêu thị lớn. Phòng ốc mới, không rộng lắm nhưng được cái sạch sẽ nên mình rất ưng. Anh chủ khách sạn nhiệt tình."
Phan Rang,Khách sạn Thu Thảo Ninh Thuận,Traveloka,NGUYEN Q. T.,"8,8",25/07/2025,"Khách sạn sạch sẽ. Anh chủ thân thiện, giá hợp lý. Sẽ quay lại."
Phan Rang,Khách sạn Thu Thảo Ninh Thuận,Traveloka,N***N,"8,8",14/11/2024,"Không gian ok, phòng sạch sẽ, giá hạt dẻ rất tiện nghi phù hợp cho gia đình thuê và trải nghiệm du lịch ở ninh thuận, đây là một khách sạn dễ thương"
Phan Rang,Khách sạn Thu Thảo Ninh Thuận,Traveloka,Đ***h,"9,7",18/11/2024,Nhân viên nhiệt tình anh chủ nhà phục vụ tốt
Phan Rang,Khách sạn Thu Thảo Ninh Thuận,Traveloka,Do My D.,"9,7",28/02/2019,"Mình dừng chân một đêm tại phan rang và lên ứng dụng để tìm khách sạn quanh đây thì quyết định chọn chỗ này vì review tốt. Khi bước vào phòng mình bất ngờ với giá tiền hợp lí như vậy mà dịch vụ và phòng rất đẹp, sạch. Mình siêu hài lòng. Khách sạn bày cũng mới nữa."
Phan Rang,Khách sạn Thu Thảo Ninh Thuận,Traveloka,Pham T. D.,"8,8",25/04/2019,Khách sạn gần trung tâm rất tiện đi lại
Phan Rang,Khách sạn Thu Thảo Ninh Thuận,Traveloka,Salt C.,"9,7",28/04/2019,"Phòng sạch sẽ. Anh chủ thân thiện. Phòng ở thoải mái như ở nhà. Phòng mới, khá dễ thương. Vị trí thuậ lợi. Ngay trung tâm và gần điểm du lịch trùng sơn cổ tự."
Phan Rang,Nhà của Ngaunhien,Traveloka,Le Dinh A. V.,"9,4",04/06/2024,"Phòng ổn, anh chủ cực nhiệt tình, không gian ngoài phòng đẹp, gần biển. Sẽ ghé lại lần sau"
Phan Rang,Nhà của Ngaunhien,Traveloka,D***g,"9,4",08/04/2024,"Không gian sân vườn yên tĩnh, thoáng mát. Với khí hậu nóng bức như ở ninh thuận thì nơi này đúng như điều hoà thiên nhiên vậy. Có nhiều không gian chill. Homestay gần chợ nại, mọi người mua hải sản về bếp homestay nấu ok nhé. Cô chủ và anh chủ cực kỳ thân thiện luôn. Cực ưng với thái độ và không gian nơi này."
Phan Rang,TTC Resort Ninh Thuan - Unlimited Access to Water Park,Traveloka,Dinh T. M. H.,"9,1",10/09/2018,"- bếp nấu ăn rất ngon, gia đình đã đặt ăn tối các món nấu chất lượng và vừa miệng - không gian thoáng, đẹp và chia khu hợp lý - bể bơi có phao thuyền, ván thuyền, cả trẻ em và người lớn đều thích - dịch vụ giặt ủi rất nhanh, nhân viên nhiệt tình giặt luôn trong tối muộn để kịp check out sớm"
Phan Rang,TTC Resort Ninh Thuan - Unlimited Access to Water Park,Traveloka,Tran t. h.,"8,4",22/08/2018,"Cảnh đẹp, nhưng internet chạy chậm, muỗi hơi nhiều"
Phan Rang,TTC Resort Ninh Thuan - Unlimited Access to Water Park,Traveloka,Nguyen T. D. T.,"8,3",14/08/2018,"Tầm nhìn tốt nhưng khu vực tiếp tân thì tệ, đặc biệt là nhà vệ sinh."
Phan Rang,TTC Resort Ninh Thuan - Unlimited Access to Water Park,Traveloka,Huynh K. K.,"9,4",02/07/2018,Có khuyến mãi nên mình đặt phòng có 40usd
Phan Rang,TTC Resort Ninh Thuan - Unlimited Access to Water Park,GoogleMap,THI THU PHUONG DANG,"6,0",10/05/2018,"Phòng ở có rất nhiều muỗi, bé nhà mình bị cắn khắp người, mình ở 3 căn có 1 căn 304 mùi trong phòng rất khó chịu, đã báo lễ tân nhung tìm ko ra nguyên nhân và gia đình mình thiệt sự rất ko hài lòng. Ăn sáng đồ ăn ko đa dạng."
Phan Rang,TTC Resort Ninh Thuan - Unlimited Access to Water Park,Traveloka,Nguyen H. A. T.,"6,1",07/06/2018,"Dịch vụ ăn uống quá tệ, nhất là ăn sáng. Chỉ chú trọng khách đoàn xem thường khách lẻ. Nhân viên hỏi cái gì cũng không biết. Chắc chắn sẽ không quay lại."
Phan Rang,TTC Resort Ninh Thuan - Unlimited Access to Water Park,GoogleMap,Thi N. D. L.,"8,4",29/05/2018,"Không gian xung quanh rộng rãi, đẹp. Hơi xa thành phố. Ko có buffet mà gọi món. Nhà vệ sinh bị tắc. Nhân viên hỏi gì cũng ko biết."
Phan Rang,TTC Resort Ninh Thuan - Unlimited Access to Water Park,GoogleMap,Khanh V. B.,"9,1",24/05/2018,"Khách sạn khá tốt, hồ bơi đẹp. Mỗi tội buffet sáng dở"
Phan Rang,TTC Resort Ninh Thuan - Unlimited Access to Water Park,GoogleMap,Nguyen T. T. V.,"9,7",24/05/2018,"Cảnh quan đẹp, môi trường thoáng mát, sạch sẽ, dịch vụ tốt, nhân viên ân cần, thức ăn hợp khẩu vị."
Phan Rang,TTC Resort Ninh Thuan - Unlimited Access to Water Park,Traveloka,Bang P.,"8,5",08/11/2018,"Tôi hoàn toàn hài lòng với chỗ ở mà tôi đã chọn cho chuyến đi cuối cùng đến ninh chu. Một nơi hoàn hảo với phòng mới (giống như hình ảnh được đăng trên trang web của khu nghỉ mát), phong cảnh đẹp, không khí trong lành với nhiều cây xanh, thức ăn ngon và đội ngũ nhân viên thân thiện và phục vụ tốt."
Phan Rang,TTC Resort Ninh Thuan - Unlimited Access to Water Park,Traveloka,Hoang,"9,3",29/04/2018,Nhân viên hiếu khác và chu đáo. Đồ ăn buffet chưa được phong phú vag đặc sắc. Cơ sở vật chất hơi cũ.
Phan Rang,TTC Resort Ninh Thuan - Unlimited Access to Water Park,GoogleMap,L Tun D.,"9,0",21/05/2017,"Khách sạn sạch sẽ, nội thất hơi cũ kỹ, bữa ăn quá sơ sài. Tuy nhiên nhân viên rất thân thiện và dễ thương, quan tâm tới sinh nhật của khách khiến tôi cảm thấy vui và ấm áp. Khách sạn nên cải thiện bữa ăn sáng và xây dựng mái che ở bãi đậu xe máy là ok!"
Phan Rang,TTC Resort Ninh Thuan - Unlimited Access to Water Park,Traveloka,Nhan C.,"8,6",22/03/2018,"Mọi thứ đều ổn thôi. Trang trí tuyệt vời. Tuy nhiên, vệ sinh gia đình cần phải tăng cường trò chơi của họ. Nên đầu tư nhiều hơn vào chất lượng giường. Nệm và chất liệu phải sạch sẽ và không mùi."
Phan Rang,TTC Resort Ninh Thuan - Unlimited Access to Water Park,Traveloka,Thi M. L. D.,"10,0",02/09/2017,"Dịch vụ tốt, thức ăn ngon, sạch sẽ, nhận viên thân thiện. Sẽ quay lại nếu có cơ hội."
Phan Rang,TTC Resort Ninh Thuan - Unlimited Access to Water Park,GoogleMap,Nguyen Thi Anh Phung,"9,7",20/08/2017,Phòng mới sạch sẽ đẹp hơn so với thời của bàu trúc. Không kịp ăn sáng nên không biết chất lượng. Nhân viên thì rất dễ thương nhất là mấy bác bảo vệ
Phan Rang,TTC Resort Ninh Thuan - Unlimited Access to Water Park,Traveloka,N***N,"9,4",28/07/2025,"Rất hài lòng, mọi ng muốn đi du lịch mà có con nhỏ nên tham khảo nơi này, rất phù hợp."
Phan Rang,TTC Resort Ninh Thuan - Unlimited Access to Water Park,Traveloka,NGUYEN D. V.,"8,8",07/05/2017,"Nhân viên thân thiện, khuôn viên đẹp."
Phan Rang,TTC Resort Ninh Thuan - Unlimited Access to Water Park,Traveloka,Thoa H.,"9,4",10/11/2025,Phù hợp cho những người thích sự yên tĩnh và gần gũi với thiên nhiên. Tôi ở phòng view biển nên rất đẹp và thư giãn khi ở đây 2 đêm. Nhà hàng đồ ăn ngon và khá tốt.
Phan Rang,TTC Resort Ninh Thuan - Unlimited Access to Water Park,Traveloka,V***V,"9,7",05/09/2025,Giá cả ok. Sẽ là lựa chọn tiếp theo nếu có nghỉ dưỡng tại ninh thuận. Rất hợp cho gia đình
Phan Rang,TTC Resort Ninh Thuan - Unlimited Access to Water Park,Traveloka,Pham N. T. O.,"9,1",04/09/2025,Nhân viên ok lịch thiệp rất vui vẻ và chu đáo
Phan Rang,TTC Resort Ninh Thuan - Unlimited Access to Water Park,Traveloka,Nga N.,"10,0",01/09/2025,"Tuyệt vời, rất đáng để quay trở lại."
Phan Rang,TTC Resort Ninh Thuan - Unlimited Access to Water Park,Traveloka,b***i,"9,7",17/08/2025,Một kì nghỉ dưỡng tuyệt vời ở ttc resort ninh thuận . Nếu quay lại phan thiết một lần nữa mình sẽ vẫn chọn nghỉ ở đây . Giá cả vừa túi tiền nhưng dịch vụ thì rất hoàn hảo . Khung cảnh thì đẹp hơn trong ảnh resort đăng nên khi nhận phòng mình đã bất ngờ . Cảm ơn ttc resort ninh thuận đã mang đến cho gia đình mình một kì nghỉ tuyệt vời .
Phan Rang,TTC Resort Ninh Thuan - Unlimited Access to Water Park,Traveloka,Minh M.,"10,0",24/03/2018,"Phòng ốc sạch sẽ nhưng chỉ có 2 khăn tắm, không gian ok bãi biển sạch. Bữa sáng buffet ngon và đa dạng món."
Phan Rang,TTC Resort Ninh Thuan - Unlimited Access to Water Park,Traveloka,L Thy L.,"9,4",25/08/2025,"Các bạn nhân viên siêu dễ thương. Bé nhà mình bị sốt, hỏi lễ tân các bạn còn mang thuốc hạ sốt cho tận phòng. View biển đẹp mê. Chỉ là cái giường hơi nhỏ so với nhà mình vì toàn người béo"
Phan Rang,TTC Resort Ninh Thuan - Unlimited Access to Water Park,Traveloka,DO THI M. P.,"8,5",11/03/2021,"Gia đình có trẻ rất ok, có vườn, có bờ biển, có công viên nước. Đúng nghĩ dưỡng"
Phan Rang,TTC Resort Ninh Thuan - Unlimited Access to Water Park,Traveloka,Nh Quynh,"10,0",31/03/2019,"Phòng sạch sẽ , ngay biển , đồ ăn ngon ."
Phan Rang,TTC Resort Ninh Thuan - Unlimited Access to Water Park,Traveloka,NGUYEN T. T.,"8,5",10/08/2022,Resort tuyệt vời. Đầy đủ tiện nghi.
Phan Rang,TTC Resort Ninh Thuan - Unlimited Access to Water Park,Traveloka,Bui A. P. H.,"9,1",10/08/2022,"Khách sạn không mới nhưng phòng thiết kế thông nhau rất tiện cho gia đình đông sinh hoạt chung, sạch sẽ. Buffet sáng món ăn hơi ít."
Phan Rang,TTC Resort Ninh Thuan - Unlimited Access to Water Park,Traveloka,DUNG H.,"8,8",07/08/2022,It s beautiful place to stay. I love the garden the most.
Phan Rang,TTC Resort Ninh Thuan - Unlimited Access to Water Park,Traveloka,Le Thi B. T.,"4,5",01/07/2022,"Lần đầu tiên tôi gặp phải trải nghiệm tệ đến như thế ở một nơi gọi là resort. Bữa sáng buffe không thể dở hơn với món ăn nghèo nàn, chất lượng kém! xe đậu ở bãi xe trong sự quản lý trông giữ của khách sạn thì để khách khác đâm móp đuôi xe của mình rất nặng, nhưng không hề có trách nhiệm. Một điều cũng ám ảnh mình không kém là khj khách của công viên nước về hết, mình là khách phòng nên vẫn ở lại, chứng kiến nhân viên dọn bể bơi xâch một thùng hoá chất đổ thẳng xuống bể. Một quy trình làm sạh bể quá là cẩu thả và vô trách nhiệm, ngày nào cũng lặp lại quy trình đó. Nghĩ đến mình đã ngâm tắm trong cái nước cả chiều mà rùng mình không dứt! điều tồi tệ nhất và lúc mình đã check out là mình có để quên một cái túi hoa quả cùng thuốc và áo của em bé nhà mình. Lễ tân gọi buồng phòng check đồ mình dùng, tuy nhiên không hề phản hồi về đồ khách để quên. Mình đã đj ra khỏi cổng, sực nhớ mới quay lại lấy thì còn mỗi caid áo em bé. Nhân viên buồng phòg mà những cái tối thiếu như vậy cũng phạm phải, đấy là nhân cách nhân viên có vấn đề, và sự quản lý , tuyển chọn nhân viên của resort cũng quá có vấn đề. Lần sau có mời miễn phí mình cũng không bao giờ quay lại nữa!"
Phan Rang,TTC Resort Ninh Thuan - Unlimited Access to Water Park,Traveloka,Dao N. T.,"8,8",02/07/2022,"Tôi đã có một kỳ nghỉ dễ chịu tại đây. Khu resort đẹp, nhân viên thân thiện, chu đáo. Nếu có dịp quay lại tôi sẽ lại chọn lưu trú ở ttc resort."
Phan Rang,TTC Resort Ninh Thuan - Unlimited Access to Water Park,Traveloka,Duong Q. N.,"9,7",27/06/2022,"Phòng hướng biển đẹp, thoải mái. Khu vui chơi rất ok."
Phan Rang,TTC Resort Ninh Thuan - Unlimited Access to Water Park,Traveloka,Thi L. T. V.,"8,5",20/05/2022,"Các dãy nhà gỗ cute xỉu luôn, tiện nghi đầy đủ, sạch sẽ lắm nhé, lại gần bể bơi"
Phan Rang,TTC Resort Ninh Thuan - Unlimited Access to Water Park,Traveloka,Nguyen T. T. M.,"5,4",17/05/2022,Vệ sinh bẩn tất cả các phòng đều vệ sinh kém yêu cầu hoàn tiền nhưng không hỗ trợ
Phan Rang,TTC Resort Ninh Thuan - Unlimited Access to Water Park,Traveloka,Tuan,"6,0",30/08/2022,Chán thật sự. Nếu gia đinh kh quá cầu ky về vana đè vệ sinh và nhân viên thì noi đây có nhiều hoạt động giải trí và bãi biển đẹp. Còn lại phải nói là rata tệ luôn.
Phan Rang,TTC Resort Ninh Thuan - Unlimited Access to Water Park,Traveloka,Nguyen N. M. T.,"9,7",11/05/2022,Rât tuyệt vời rất tốt sẽ quay lại
Phan Rang,TTC Resort Ninh Thuan - Unlimited Access to Water Park,Traveloka,Vo Minh T.,"9,7",13/04/2022,"Phòng và cơ sở vật chất rất ổn, có điều mình dùng xe máy để đi chơi nên bãi giữ xe cách phòng bungalow khá xa. Dù sao thì đây là một nơi nghỉ dưỡng tốt"
Phan Rang,TTC Resort Ninh Thuan - Unlimited Access to Water Park,GoogleMap,Trinh Quang Huy,"6,0",06/04/2022,"Tôi đặt 2 phòng trước 1 ngày. Nhưng resort không có sự chuẩn bị, đặt phòng giường lớn nhưng tới nhận thì 2 giường, khi liên hệ thì họ nói chưa ghép giường. Mình đến phải đứng đợi vệ sinh máy lạnh r mới được vào phòng, máy lạnh kêu to, ồn. Nhiều muỗi. Không quay lại."
Phan Rang,TTC Resort Ninh Thuan - Unlimited Access to Water Park,Traveloka,ngo,"8,5",13/02/2022,"Ở đây phòng view hướng biển rất đẹp, nhưng phòng nội thất bên trong rất cũ nhất là nhà vệ sinh. Đồ ăn sáng tạm ổn , phòng rất nhiều muỗi , nhânviên nhiệt tình"
Phan Rang,TTC Resort Ninh Thuan - Unlimited Access to Water Park,GoogleMap,DINH THANH PHAM,"6,5",14/02/2022,"Resort rộng, có 2 bể bơi, có đường đi bộ ven biển đẹp. Tuy nhiên 1 số dịch vụ không tốt 1 bể bơi không được vệ sinh, thành bể bơi cáu bẩn, lá rụng đầy ở đáy bể bơi. Bể bơi chỗ công viên nước thì cho phép người bơi mặc cả quần áo thường ngày xuống bơi. Nước nóng lạnh không đủ ấm để tắm. Máy sấy tóc đang sấy tóc thì bị toé lửa đứt dây."
Phan Rang,TTC Resort Ninh Thuan - Unlimited Access to Water Park,Traveloka,Tho N.,"6,1",26/01/2022,"Điện quá tải, cúp liên tục cũ kĩ, giặt sấy mất cái áo nhân viên nhiệt tình phòng sạch sẽ nhà ăn xa quá"
Phan Rang,TTC Resort Ninh Thuan - Unlimited Access to Water Park,Traveloka,Thomas L.,"9,7",25/04/2021,Phòng đẹp. Tiện ích rất mới và đẹp. Dịch vụ tốt.
Phan Rang,TTC Resort Ninh Thuan - Unlimited Access to Water Park,GoogleMap,Qunh T.,"8,5",30/03/2021,Nhân viên nhiệt tình. Wifi mạnh.
Phan Rang,TTC Resort Ninh Thuan - Unlimited Access to Water Park,Traveloka,Vo Thi K. O.,"6,5",15/03/2021,"Nhận phòng trễ 30 phút, phải ngồi đợi dọn phòng đến 14h30"
Phan Rang,TTC Resort Ninh Thuan - Unlimited Access to Water Park,Traveloka,Nguyen T. T. D.,"8,5",30/04/2022,"Nhân viên nhiệt tình, phòng ốc mới, hồ bơi ok. Sẽ ủng hộ resort trong những kì nghỉ sắp tới tại ninh thuận"
Phan Rang,TTC Resort Ninh Thuan - Unlimited Access to Water Park,Traveloka,Dang T. A. T.,"9,1",03/09/2022,"Khách sạn đã đáp ứng hầu hết yêu cầu của tôi, không gian xanh khá nhiều mặc dù hơi tiếc vì trời mưa nên không chơi ở công viên nước được."
Phan Rang,TTC Resort Ninh Thuan - Unlimited Access to Water Park,Traveloka,K***7,"9,1",03/05/2024,"Thức ăn đa dạng, ngon và tươi mới."
Phan Rang,TTC Resort Ninh Thuan - Unlimited Access to Water Park,Traveloka,V***o,"6,8",25/05/2024,Không setup bàn ghế trong phòng như hình ảnh mô tả. Setup phòng có cửa thông nên ồn.
Phan Rang,TTC Resort Ninh Thuan - Unlimited Access to Water Park,Traveloka,Hai D.,"8,7",05/05/2019,"Bãi biển cực đẹp và vắng, phòng ổn. Đồ đạc hơi cũ. Phòng double có cái giường to 4 người nằm được, rất thoải mái. Resort nhiều cây xanh rất đẹp nhưng cũng làm cho phòng có muỗi. Buffet sáng không ngon."
Phan Rang,TTC Resort Ninh Thuan - Unlimited Access to Water Park,Traveloka,Nguyen T. K.,"8,8",17/02/2019,"Nhân viên thân thiện, dễ thương, buffet sáng hợp khẩu vị, có hồ rất nhiều cá, trẻ em cho cá ăn rất thú vị, sẽ quay lại vào dịp phù hợp"
Phan Rang,TTC Resort Ninh Thuan - Unlimited Access to Water Park,Traveloka,Huu,"8,5",30/06/2019,"Mọi thứ đều tốt từ nhân viên phục vụ, phòng, hồ bơi và bãi tắm. Tuy nhiên, không có bãi đậu xe nên với cái nắng ở ninh thuận thì nhìn cái xe rất là tội, quy định về cổng ra và cổng vào resort rất bất tiện."
Phan Rang,TTC Resort Ninh Thuan - Unlimited Access to Water Park,Traveloka,Luong D.,"9,7",24/07/2019,"Rất hài lòng với giá cả cộng với không gian tuyệt vời của resort. Cảm ơn resort vì đã có 1 kỳ nghỉ thú vị, có 1 điều không hoàn thiện là bữa ăn buffer ở nhà hàng đồ ăn không được tươi lắm."
Phan Rang,TTC Resort Ninh Thuan - Unlimited Access to Water Park,Traveloka,Bs Phc L.,"9,7",08/08/2019,"Resort rất tuyệt, nhân viên niềm nở nhiệt tình. Chắn chắc mình sẽ quay lại và ở đây lâu hơn nữa"
Phan Rang,TTC Resort Ninh Thuan - Unlimited Access to Water Park,GoogleMap,HO NGOC H. T.,"5,7",10/09/2019,"Đồ ăn không ngon, phòng ốc lúc nhận không được sạch sẽ lắm mình phải gọi nhân viên vào lau dọn lúc vừa nhận phòng xong."
Phan Rang,TTC Resort Ninh Thuan - Unlimited Access to Water Park,GoogleMap,NaNa M.,"5,4",27/12/2020,Lối vào phòng nghỉ . Không có xe hỗ trợ . Đường vô tối thôi không đèn . Nói tới thì lễ tân bảo cắt giảm nhân sự . Khuya khách về khong có bảo vệ dẫn đường. Vào được tới phòng cũng đái ra quần vì sợ . Giá cả đã không tốt mà dịch vụ còn không có thất vọng thật sự luôn
Phan Rang,TTC Resort Ninh Thuan - Unlimited Access to Water Park,Traveloka,An,"10,0",23/07/2025,"Resort nằm ở vị trí đẹp, đáng trải nghiệm"
Phan Rang,TTC Resort Ninh Thuan - Unlimited Access to Water Park,Traveloka,NGUYEN N. A. T.,"4,9",22/02/2021,"Không đủ tiêu chuẩn resort 3,5 sao"
Phan Rang,TTC Resort Ninh Thuan - Unlimited Access to Water Park,Traveloka,Tran K. O.,"10,0",11/07/2025,"Ttc resort có vị trí sát biển, đẹp, có công viên nước và không gian thoáng đãng, sạch sẽ, bữa sáng tạm ổn."
Phan Rang,TTC Resort Ninh Thuan - Unlimited Access to Water Park,Traveloka,T***i,"10,0",12/04/2025,"Ttc resort cho mình trải nghiệm rất tuyệt, đồ ăn ngon, khu resort sạch sẽ, nhân viên thân thiện, có hồ bơi lớn và khu công viên nước rất thú vị, bãi biển siêu sạch, quá mê luôn."
Phan Rang,TTC Resort Ninh Thuan - Unlimited Access to Water Park,GoogleMap,Tran T. K.,"10,0",11/04/2025,Nhân viên rất nhiệt tình vị trí thuận tiện
Phan Rang,TTC Resort Ninh Thuan - Unlimited Access to Water Park,Traveloka,N***n,"10,0",29/03/2025,"Tuyệt vời. Resort đẹp, nhân viên từ chú bảo vệ rất thân thiện đáng iu"
Phan Rang,TTC Resort Ninh Thuan - Unlimited Access to Water Park,Traveloka,h***g,"6,8",05/03/2025,"Đi du lịch để nghỉ dưỡng nhưng phòng bên cạnh hát karaoke, nói cười nhậu nhẹt cả đêm, đã gọi điện nhờ ks nhắc nhở vài lần đến đêm mới ngưng"
Phan Rang,TTC Resort Ninh Thuan - Unlimited Access to Water Park,Traveloka,Pham T. D.,"9,7",14/02/2025,"Dịch vụ đảm bảo, phòng sạch sẽ, nhân viên nhiệt tình"
Phan Rang,TTC Resort Ninh Thuan - Unlimited Access to Water Park,GoogleMap,Vũ Thái,"10,0",28/11/2024,24h nghỉ dưỡng trọn vẹn tại ttc resort - ninh thuận cùng kha phan rang!
Phan Rang,TTC Resort Ninh Thuan - Unlimited Access to Water Park,GoogleMap,N***n,"7,0",08/07/2024,"Khách sạn vị trí trung tâm, bãi biển khá rộng và đẹp. Khuôn viên khách sạn rất rộng nhưng phòng thì rất chật, thêm vào đó nội thất cũ và out of date. Đồ ăn sáng hương vị không ngon. Trong khu có nhiều con nhặng nhỏ. Điểm cộng là có công viên nước nội khu có các trò chơi và bể bơi sạch, các bé rất thích. Nếu khách sạn renovate lại chắc sẽ rất hút khách."
Phan Rang,TTC Resort Ninh Thuan - Unlimited Access to Water Park,Traveloka,Nguyen T. K. H.,"9,7",11/06/2024,"Check-in lúc 12 30 được nhận phòng luôn, không phải đợi đến 14 00, phòng rộng rãi sạch sẽ, giường to nằm thoải mái, khuôn viên resort sạch đẹp, thức ăn ngon, phục vụ chu đáo, rất đáng để đến."
Phan Rang,TTC Resort Ninh Thuan - Unlimited Access to Water Park,GoogleMap,N***n,"9,1",08/05/2025,Nơi đáng để đến cho kỳ nghỉ của bạn cùng gia đình
Phan Rang,TTC Resort Ninh Thuan - Unlimited Access to Water Park,Traveloka,NGUYEN Q. A.,"5,4",07/11/2018,Bạn lễ tân thu sai tiền khi check out (bị hụt đối với các bạn ấy 500k mà lúc ấy mình không để ý). Sau khi về được 2 ngày các bạn ngay lập tức nhắn tin kiểu như đòi nợ mình số tiền chị phải thanh toán là .... Mà bên em mới thu chị có ... Thôi nên còn thiếu 500k. Chị cho em xin địa chỉ em nhờ người qua lấy. Làm dịch vụ mà không biết câu xin lỗi là gì. Đáng lẽ quá trình ở tốt nhưng bây giờ quá bực nên hoàn toàn không hài lòng. Phòng thì tốt nhưng rất tệ về dịch vụ.
Phan Rang,Tokyo Hotel Phan Rang,Traveloka,Hiroshi S.,"9,4",18/11/2025,"Chỉ có cà phê là kiểu việt nam và hơi khó uống. Tôi hơi bối rối với bữa sáng kiểu việt nam, nhưng họ cũng có phở và các món ăn khác nên tôi có thể ăn thoải mái."
